ABINGTON,WEYMOUTH,ROCKLAND,WHITMAN,BROCKTON,HOLBROOK,,,,,
ACTON,WESTFORD,CARLISLE,CONCORD,MAYNARD,STOW,BOXBOROUGH,LITTLETON,,,
ACUSHNET,ROCHESTER,MATTAPOISETT,FAIRHAVEN,NEW BEDFORD,FREETOWN,,,,,
ADAMS,NEW ASHFORD,WILLIAMSTOWN,NORTH ADAMS,FLORIDA,CHESHIRE,SAVOY,,,,
AGAWAM,SOUTHWICK,WESTFIELD,WEST SPRINGFIELD,SPRINGFIELD,,LONGMEADOW,,,,
ALFORD,WEST STOCKBRIDGE,GREAT BARRINGTON,EGREMONT,,,,,,,
AMESBURY,SALISBURY,MERRIMAC,WEST NEWBURY,NEWBURYPORT,,,,,,
AMHERST,SOUTH HADLEY,HADLEY,SUNDERLAND,LEVERETT,PELHAM,SHUTESBURY,BELCHERTOWN,GRANBY,,
ANDOVER,METHUEN,LAWRENCE,NORTH ANDOVER,NORTH READING,WILMINGTON,TEWKSBURY,DRACUT,,,
AQUINNAH,CHILMARK,GOSNOLD,,,,,,,,
ARLINGTON,WINCHESTER,MEDFORD,SOMERVILLE,CAMBRIDGE,BELMONT,LEXINGTON,,,,
ASHBURNHAM,WINCHENDON,GARDNER,WESTMINSTER,FITCHBURG,,ASHBY,,,,
ASHBY,ASHBURNHAM,FITCHBURG,LUNENBURG,TOWNSEND,,,,,,
ASHFIELD,PLAINFIELD,HAWLEY,BUCKLAND,CONWAY,CUMMINGTON,GOSHEN,,,,
ASHLAND,FRAMINGHAM,SHERBORN,HOLLISTON,HOPKINTON,SOUTHBOROUGH,,,,,
ATHOL,ORANGE,ROYALSTON,PHILLIPSTON,PETERSHAM,,NEW SALEM,,,,
ATTLEBORO,NORTH ATTLEBOROUGH,MANSFIELD,NORTON,REHOBOTH,SEEKONK,,,,,
AUBURN,OXFORD,LEICESTER,WORCESTER,MILLBURY,,,,,,
AVON,RANDOLPH,HOLBROOK,BROCKTON,STOUGHTON,,,,,,
AYER,HARVARD,SHIRLEY,GROTON,LITTLETON,,,,,,
BARNSTABLE,SANDWICH,MASHPEE,YARMOUTH,,,,,,,
BARRE,HARDWICK,PETERSHAM,PHILLIPSTON,HUBBARDSTON,OAKHAM,RUTLAND,NEW BRAINTREE,,,
BECKET,TYRINGHAM,LEE,WASHINGTON,MIDDLEFIELD,BLANDFORD,CHESTER,OTIS,,,
BEDFORD,BILLERICA,BURLINGTON,LEXINGTON,LINCOLN,CONCORD,CARLISLE,,,,
BELCHERTOWN,LUDLOW,GRANBY,AMHERST,PELHAM,WARE,NEW SALEM,PALMER,,,
BELLINGHAM,BLACKSTONE,MENDON,HOPEDALE,MILFORD,FRANKLIN,MEDWAY,WRENTHAM,,,
BELMONT,ARLINGTON,CAMBRIDGE,WATERTOWN,WALTHAM,LEXINGTON,,,,,
BERKLEY,TAUNTON,LAKEVILLE,FREETOWN,SOMERSET,DIGHTON,,,,,
BERLIN,NORTHBOROUGH,BOYLSTON,CLINTON,BOLTON,MARLBOROUGH,HUDSON,,,,
BERNARDSTON,LEYDEN,GREENFIELD,GILL,NORTHFIELD,,,,,,
BEVERLY,MANCHESTER-BY-THE-SEA,WENHAM,DANVERS,,,,,,,
BILLERICA,TEWKSBURY,WILMINGTON,BURLINGTON,BEDFORD,CARLISLE,CHELMSFORD,,,,
BLACKSTONE,MILLVILLE,MENDON,BELLINGHAM,,,,,,,
BLANDFORD,OTIS,BECKET,CHESTER,HUNTINGTON,GRANVILLE,RUSSELL,TOLLAND,,,
BOLTON,BERLIN,CLINTON,LANCASTER,HARVARD,HUDSON,STOW,,,,
BOSTON,CAMBRIDGE,WATERTOWN,NEWTON,BROOKLINE,NEEDHAM,DEDHAM,MILTON,SOMERVILLE,REVERE,WINTHROP
BOURNE,WAREHAM,PLYMOUTH,SANDWICH,FALMOUTH,,,,,,
BOXBOROUGH,HARVARD,LITTLETON,ACTON,STOW,,,,,,
BOXFORD,ROWLEY,GEORGETOWN,GROVELAND,HAVERHILL,NORTH ANDOVER,MIDDLETON,TOPSFIELD,IPSWICH,,
BOYLSTON,SHREWSBURY,WEST BOYLSTON,STERLING,CLINTON,NORTHBOROUGH,BERLIN,,,,
BRAINTREE,QUINCY,RANDOLPH,HOLBROOK,WEYMOUTH,,,,,,
BREWSTER,DENNIS,ORLEANS,HARWICH,,,,,,,
BRIDGEWATER,WEST BRIDGEWATER,EAST BRIDGEWATER,HALIFAX,MIDDLEBOROUGH,RAYNHAM,,,,,
BRIMFIELD,MONSON,PALMER,WARREN,BROOKFIELD,HOLLAND,STURBRIDGE,WALES,,,
BROCKTON,ABINGTON,WHITMAN,EAST BRIDGEWATER,WEST BRIDGEWATER,EASTON,STOUGHTON,AVON,HOLBROOK,,
BROOKFIELD,BRIMFIELD,WARREN,WEST BROOKFIELD,NORTH BROOKFIELD,STURBRIDGE,EAST BROOKFIELD,,,,
BROOKLINE,BOSTON,NEWTON,,,,,,,,
BUCKLAND,HAWLEY,CHARLEMONT,SHELBURNE,CONWAY,,ASHFIELD,,,,
BURLINGTON,WILMINGTON,WOBURN,LEXINGTON,BEDFORD,BILLERICA,,,,,
CAMBRIDGE,ARLINGTON,SOMERVILLE,BOSTON,WATERTOWN,BELMONT,,,,,
CANTON,MILTON,RANDOLPH,STOUGHTON,SHARON,NORWOOD,WESTWOOD,DEDHAM,,,
CARLISLE,CHELMSFORD,BILLERICA,BEDFORD,CONCORD,ACTON,WESTFORD,,,,
CARVER,PLYMPTON,KINGSTON,PLYMOUTH,WAREHAM,MIDDLEBOROUGH,,,,,
CHARLEMONT,SAVOY,FLORIDA,ROWE,HEATH,SHELBURNE,COLRAIN,BUCKLAND,HAWLEY,,
CHARLTON,SOUTHBRIDGE,STURBRIDGE,EAST BROOKFIELD,SPENCER,OXFORD,LEICESTER,DUDLEY,,,
CHATHAM,HARWICH,NANTUCKET,,,,,,,,
CHELMSFORD,WESTFORD,TYNGSBOROUGH,LOWELL,BILLERICA,,CARLISLE,,,,
CHELSEA,EVERETT,REVERE,,,,,,,,
CHESHIRE,LANESBOROUGH,NEW ASHFORD,ADAMS,SAVOY,DALTON,WINDSOR,,,,
CHESTER,BECKET,MIDDLEFIELD,WORTHINGTON,HUNTINGTON,,BLANDFORD,,,,
CHESTERFIELD,WORTHINGTON,CUMMINGTON,GOSHEN,WILLIAMSBURG,HUNTINGTON,WESTHAMPTON,,,,
CHICOPEE,WEST SPRINGFIELD,HOLYOKE,SOUTH HADLEY,GRANBY,SPRINGFIELD,LUDLOW,,,,
CHILMARK,WEST TISBURY,AQUINNAH,,,,,,,,
CLARKSBURG,WILLIAMSTOWN,NORTH ADAMS,FLORIDA,,,,,,,
CLINTON,BOYLSTON,STERLING,LANCASTER,BOLTON,BERLIN,,,,,
COHASSET,HULL,HINGHAM,SCITUATE,,,,,,,
COLRAIN,HEATH,CHARLEMONT,SHELBURNE,GREENFIELD,,LEYDEN,,,,
CONCORD,CARLISLE,BEDFORD,LINCOLN,SUDBURY,ACTON,,,,,
CONWAY,ASHFIELD,BUCKLAND,SHELBURNE,DEERFIELD,WILLIAMSBURG,WHATELY,GOSHEN,,,
CUMMINGTON,PERU,WINDSOR,PLAINFIELD,ASHFIELD,CHESTERFIELD,GOSHEN,WORTHINGTON,,,
DALTON,PITTSFIELD,LANESBOROUGH,CHESHIRE,WINDSOR,WASHINGTON,HINSDALE,,,,
DANVERS,BEVERLY,WENHAM,TOPSFIELD,MIDDLETON,PEABODY,SALEM,,,,
DARTMOUTH,WESTPORT,FALL RIVER,FREETOWN,NEW BEDFORD,,,,,,
DEDHAM,NEEDHAM,BOSTON,CANTON,WESTWOOD,,,,,,
DEERFIELD,CONWAY,SHELBURNE,GREENFIELD,MONTAGUE,WHATELY,SUNDERLAND,,,,
DENNIS,BREWSTER,HARWICH,YARMOUTH,,,,,,,
DIGHTON,TAUNTON,BERKLEY,SOMERSET,SWANSEA,REHOBOTH,,,,,
DOUGLAS,WEBSTER,OXFORD,SUTTON,UXBRIDGE,,,,,,
DOVER,NEEDHAM,WESTWOOD,WALPOLE,MEDFIELD,SHERBORN,NATICK,WELLESLEY,,,
DRACUT,TYNGSBOROUGH,LOWELL,TEWKSBURY,ANDOVER,,METHUEN,,,,
DUDLEY,SOUTHBRIDGE,CHARLTON,OXFORD,WEBSTER,,,,,,
DUNSTABLE,PEPPERELL,GROTON,TYNGSBOROUGH,,,,,,,
DUXBURY,MARSHFIELD,PEMBROKE,KINGSTON,,,,,,,
EAST BRIDGEWATER,WHITMAN,HANSON,HALIFAX,BRIDGEWATER,WEST BRIDGEWATER,BROCKTON,,,,
EAST BROOKFIELD,STURBRIDGE,BROOKFIELD,NORTH BROOKFIELD,SPENCER,,CHARLTON,,,,
EAST LONGMEADOW,LONGMEADOW,SPRINGFIELD,WILBRAHAM,HAMPDEN,,,,,,
EASTHAM,WELLFLEET,ORLEANS,,,,,,,,
EASTHAMPTON,SOUTHAMPTON,WESTHAMPTON,NORTHAMPTON,HADLEY,,HOLYOKE,,,,
EASTON,BROCKTON,WEST BRIDGEWATER,RAYNHAM,TAUNTON,NORTON,MANSFIELD,SHARON,STOUGHTON,,
EDGARTOWN,OAK BLUFFS,WEST TISBURY,,,,,,,,
EGREMONT,ALFORD,GREAT BARRINGTON,SHEFFIELD,MOUNT WASHINGTON,,,,,,
ERVING,MONTAGUE,GILL,NORTHFIELD,WARWICK,WENDELL,ORANGE,,,,
ESSEX,IPSWICH,HAMILTON,MANCHESTER-BY-THE-SEA,GLOUCESTER,,,,,,
EVERETT,MALDEN,REVERE,CHELSEA,SOMERVILLE,MEDFORD,,,,,
FAIRHAVEN,NEW BEDFORD,ACUSHNET,MATTAPOISETT,,,,,,,
FALL RIVER,SOMERSET,FREETOWN,DARTMOUTH,WESTPORT,,,,,,
FALMOUTH,BOURNE,SANDWICH,MASHPEE,GOSNOLD,,,,,,
FITCHBURG,WESTMINSTER,ASHBURNHAM,ASHBY,LUNENBURG,LEOMINSTER,,,,,
FLORIDA,ADAMS,NORTH ADAMS,CLARKSBURG,MONROE,CHARLEMONT,ROWE,SAVOY,,,
FOXBOROUGH,WALPOLE,SHARON,MANSFIELD,PLAINVILLE,WRENTHAM,NORFOLK,,,,
FRAMINGHAM,SUDBURY,WAYLAND,NATICK,SHERBORN,ASHLAND,SOUTHBOROUGH,MARLBOROUGH,,,
FRANKLIN,MEDWAY,NORFOLK,WRENTHAM,BELLINGHAM,,,,,,
FREETOWN,BERKLEY,LAKEVILLE,ROCHESTER,ACUSHNET,NEW BEDFORD,DARTMOUTH,FALL RIVER,SOMERSET,,
GARDNER,TEMPLETON,WINCHENDON,ASHBURNHAM,WESTMINSTER,,HUBBARDSTON,,,,
GEORGETOWN,NEWBURY,ROWLEY,BOXFORD,GROVELAND,,,,,,
GILL,GREENFIELD,BERNARDSTON,NORTHFIELD,ERVING,,MONTAGUE,,,,
GLOUCESTER,ROCKPORT,ESSEX,MANCHESTER-BY-THE-SEA,,,,,,,
GOSHEN,CUMMINGTON,ASHFIELD,CONWAY,WILLIAMSBURG,,CHESTERFIELD,,,,
GOSNOLD,FALMOUTH,AQUINNAH,,,,,,,,
GRAFTON,SUTTON,MILLBURY,WORCESTER,SHREWSBURY,UPTON,WESTBOROUGH,NORTHBRIDGE,,,
GRANBY,SOUTH HADLEY,AMHERST,BELCHERTOWN,LUDLOW,,CHICOPEE,,,,
GRANVILLE,TOLLAND,BLANDFORD,RUSSELL,WESTFIELD,,SOUTHWICK,,,,
GREAT BARRINGTON,ALFORD,WEST STOCKBRIDGE,STOCKBRIDGE,LEE,MONTEREY,TYRINGHAM,NEW MARLBOROUGH,SHEFFIELD,EGREMONT,ALFORD
GREENFIELD,SHELBURNE,COLRAIN,LEYDEN,BERNARDSTON,MONTAGUE,GILL,DEERFIELD,,,
GROTON,SHIRLEY,TOWNSEND,PEPPERELL,DUNSTABLE,WESTFORD,TYNGSBOROUGH,LITTLETON,AYER,,
GROVELAND,WEST NEWBURY,NEWBURY,GEORGETOWN,BOXFORD,HAVERHILL,,,,,
HADLEY,NORTHAMPTON,HATFIELD,SUNDERLAND,LEVERETT,SOUTH HADLEY,AMHERST,HOLYOKE,EASTHAMPTON,,
HALIFAX,HANSON,PEMBROKE,PLYMPTON,MIDDLEBOROUGH,BRIDGEWATER,EAST BRIDGEWATER,,,,
HAMILTON,ESSEX,IPSWICH,TOPSFIELD,WENHAM,MANCHESTER-BY-THE-SEA,,,,,
HAMPDEN,EAST LONGMEADOW,WILBRAHAM,MONSON,,,,,,,
HANCOCK,WILLIAMSTOWN,NEW ASHFORD,LANESBOROUGH,PITTSFIELD,,RICHMOND,,,,
HANOVER,NORWELL,PEMBROKE,HANSON,ROCKLAND,,,,,,
HANSON,ROCKLAND,HANOVER,PEMBROKE,HALIFAX,EAST BRIDGEWATER,WHITMAN,,,,
HARDWICK,WARE,PETERSHAM,BARRE,NEW BRAINTREE,,,,,,
HARVARD,BOLTON,LANCASTER,SHIRLEY,AYER,BOXBOROUGH,LITTLETON,STOW,,,
HARWICH,CHATHAM,BREWSTER,DENNIS,,,,,,,
HATFIELD,NORTHAMPTON,WILLIAMSBURG,WHATELY,HADLEY,,,,,,
HAVERHILL,MERRIMAC,WEST NEWBURY,GROVELAND,BOXFORD,NORTH ANDOVER,METHUEN,,,,
HAWLEY,SAVOY,CHARLEMONT,BUCKLAND,ASHFIELD,,PLAINFIELD,,,,
HEATH,ROWE,CHARLEMONT,COLRAIN,,,,,,,
HINGHAM,HULL,COHASSET,SCITUATE,NORWELL,ROCKLAND,WEYMOUTH,,,,
HINSDALE,DALTON,WINDSOR,PERU,WASHINGTON,,,,,,
HOLBROOK,BRAINTREE,WEYMOUTH,ABINGTON,BROCKTON,AVON,RANDOLPH,,,,
HOLDEN,PAXTON,RUTLAND,PRINCETON,STERLING,WORCESTER,WEST BOYLSTON,,,,
HOLLAND,WALES,BRIMFIELD,STURBRIDGE,,,,,,,
HOLLISTON,ASHLAND,SHERBORN,MILLIS,MEDWAY,MILFORD,HOPKINTON,,,,
HOLYOKE,WESTFIELD,SOUTHAMPTON,EASTHAMPTON,HADLEY,CHICOPEE,SOUTH HADLEY,WEST SPRINGFIELD,,,
HOPEDALE,MENDON,UPTON,MILFORD,BELLINGHAM,,,,,,
HOPKINTON,UPTON,WESTBOROUGH,SOUTHBOROUGH,ASHLAND,MILFORD,HOLLISTON,,,,
HUBBARDSTON,BARRE,PHILLIPSTON,TEMPLETON,GARDNER,PRINCETON,WESTMINSTER,RUTLAND,,,
HUDSON,BOLTON,STOW,SUDBURY,MARLBOROUGH,BERLIN,,,,,
HULL,COHASSET,HINGHAM,,,,,,,,
HUNTINGTON,CHESTER,WORTHINGTON,CHESTERFIELD,WESTHAMPTON,MONTGOMERY,SOUTHAMPTON,RUSSELL,BLANDFORD,,
IPSWICH,ROWLEY,BOXFORD,TOPSFIELD,HAMILTON,ESSEX,,,,,
KINGSTON,PEMBROKE,DUXBURY,PLYMOUTH,CARVER,PLYMPTON,,,,,
LAKEVILLE,MIDDLEBOROUGH,ROCHESTER,FREETOWN,BERKLEY,TAUNTON,,,,,
LANCASTER,CLINTON,STERLING,LEOMINSTER,LUNENBURG,HARVARD,SHIRLEY,BOLTON,,,
LANESBOROUGH,HANCOCK,NEW ASHFORD,CHESHIRE,DALTON,,PITTSFIELD,,,,
LAWRENCE,METHUEN,ANDOVER,NORTH ANDOVER,,,,,,,
LEE,STOCKBRIDGE,LENOX,WASHINGTON,BECKET,GREAT BARRINGTON,TYRINGHAM,,,,
LEICESTER,CHARLTON,SPENCER,PAXTON,WORCESTER,OXFORD,AUBURN,,,,
LENOX,RICHMOND,PITTSFIELD,WASHINGTON,LEE,,STOCKBRIDGE,,,,
LEOMINSTER,STERLING,PRINCETON,WESTMINSTER,FITCHBURG,LANCASTER,LUNENBURG,,,,
LEVERETT,SUNDERLAND,MONTAGUE,WENDELL,SHUTESBURY,HADLEY,AMHERST,,,,
LEXINGTON,BURLINGTON,WOBURN,WINCHESTER,ARLINGTON,BELMONT,WALTHAM,LINCOLN,BEDFORD,,
LEYDEN,COLRAIN,GREENFIELD,BERNARDSTON,,,,,,,
LINCOLN,BEDFORD,LEXINGTON,WALTHAM,WESTON,WAYLAND,CONCORD,,,,
LITTLETON,BOXBOROUGH,HARVARD,AYER,GROTON,ACTON,WESTFORD,,,,
LONGMEADOW,AGAWAM,SPRINGFIELD,EAST LONGMEADOW,,,,,,,
LOWELL,TYNGSBOROUGH,CHELMSFORD,TEWKSBURY,DRACUT,,,,,,
LUDLOW,SPRINGFIELD,CHICOPEE,GRANBY,BELCHERTOWN,WILBRAHAM,PALMER,,,,
LUNENBURG,LEOMINSTER,FITCHBURG,ASHBY,TOWNSEND,LANCASTER,SHIRLEY,,,,
LYNN,NAHANT,SAUGUS,LYNNFIELD,PEABODY,SALEM,SWAMPSCOTT,,,,
LYNNFIELD,NORTH READING,MIDDLETON,PEABODY,LYNN,SAUGUS,WAKEFIELD,READING,,,
MALDEN,MELROSE,REVERE,EVERETT,MEDFORD,STONEHAM,,,,,
MANCHESTER-BY-THE-SEA,GLOUCESTER,ESSEX,HAMILTON,WENHAM,BEVERLY,,,,,
MANSFIELD,FOXBOROUGH,SHARON,EASTON,NORTON,ATTLEBORO,NORTH ATTLEBOROUGH,,,,
MARBLEHEAD,SALEM,SWAMPSCOTT,,,,,,,,
MARION,MATTAPOISETT,ROCHESTER,WAREHAM,,,,,,,
MARLBOROUGH,HUDSON,SUDBURY,FRAMINGHAM,SOUTHBOROUGH,NORTHBOROUGH,BERLIN,,,,
MARSHFIELD,SCITUATE,NORWELL,PEMBROKE,DUXBURY,,,,,,
MASHPEE,FALMOUTH,SANDWICH,BARNSTABLE,,,,,,,
MATTAPOISETT,FAIRHAVEN,ACUSHNET,ROCHESTER,MARION,,,,,,
MAYNARD,ACTON,SUDBURY,STOW,,,,,,,
MEDFIELD,DOVER,WALPOLE,NORFOLK,MILLIS,SHERBORN,,,,,
MEDFORD,STONEHAM,MALDEN,EVERETT,SOMERVILLE,ARLINGTON,WINCHESTER,,,,
MEDWAY,HOLLISTON,MILLIS,NORFOLK,FRANKLIN,BELLINGHAM,MILFORD,,,,
MELROSE,SAUGUS,MALDEN,STONEHAM,WAKEFIELD,,,,,,
MENDON,MILLVILLE,UXBRIDGE,NORTHBRIDGE,UPTON,BELLINGHAM,HOPEDALE,BLACKSTONE,,,
MERRIMAC,AMESBURY,WEST NEWBURY,HAVERHILL,,,,,,,
METHUEN,HAVERHILL,NORTH ANDOVER,LAWRENCE,ANDOVER,DRACUT,,,,,
MIDDLEBOROUGH,HALIFAX,PLYMPTON,CARVER,WAREHAM,ROCHESTER,LAKEVILLE,TAUNTON,RAYNHAM,BRIDGEWATER,
MIDDLEFIELD,WASHINGTON,PERU,WORTHINGTON,CHESTER,,BECKET,,,,
MIDDLETON,BOXFORD,TOPSFIELD,DANVERS,PEABODY,LYNNFIELD,NORTH READING,NORTH ANDOVER,,,
MILFORD,HOPEDALE,UPTON,HOPKINTON,HOLLISTON,BELLINGHAM,MEDWAY,,,,
MILLBURY,SUTTON,OXFORD,AUBURN,WORCESTER,,GRAFTON,,,,
MILLIS,SHERBORN,MEDFIELD,NORFOLK,MEDWAY,HOLLISTON,,,,,
MILLVILLE,UXBRIDGE,MENDON,BLACKSTONE,,,,,,,
MILTON,BOSTON,QUINCY,RANDOLPH,CANTON,,,,,,
MONROE,FLORIDA,ROWE,,,,,,,,
MONSON,HAMPDEN,WILBRAHAM,PALMER,BRIMFIELD,,WALES,,,,
MONTAGUE,DEERFIELD,GREENFIELD,GILL,ERVING,LEVERETT,WENDELL,SUNDERLAND,,,
MONTEREY,GREAT BARRINGTON,TYRINGHAM,OTIS,SANDISFIELD,SHEFFIELD,NEW MARLBOROUGH,,,,
MONTGOMERY,RUSSELL,HUNTINGTON,SOUTHAMPTON,WESTFIELD,,,,,,
MOUNT WASHINGTON,EGREMONT,SHEFFIELD,,,,,,,,
NAHANT,LYNN,,,,,,,,,
NANTUCKET,CHATHAM,,,,,,,,,
NATICK,WAYLAND,WESTON,WELLESLEY,DOVER,SHERBORN,FRAMINGHAM,,,,
NEEDHAM,NEWTON,BOSTON,DEDHAM,DOVER,WELLESLEY,,,,,
NEW ASHFORD,HANCOCK,WILLIAMSTOWN,ADAMS,CHESHIRE,,LANESBOROUGH,,,,
NEW BEDFORD,DARTMOUTH,FREETOWN,ACUSHNET,FAIRHAVEN,,,,,,
NEW BRAINTREE,WARE,HARDWICK,BARRE,OAKHAM,WEST BROOKFIELD,NORTH BROOKFIELD,,,,
NEW MARLBOROUGH,SHEFFIELD,GREAT BARRINGTON,MONTEREY,SANDISFIELD,,,,,,
NEW SALEM,BELCHERTOWN,PELHAM,SHUTESBURY,WENDELL,ATHOL,ORANGE,PETERSHAM,WARE,,
NEWBURY,NEWBURYPORT,WEST NEWBURY,GROVELAND,GEORGETOWN,ROWLEY,,,,,
NEWBURYPORT,SALISBURY,AMESBURY,WEST NEWBURY,NEWBURY,,,,,,
NEWTON,WALTHAM,WATERTOWN,BOSTON,BROOKLINE,NEEDHAM,WELLESLEY,WESTON,,,
NORFOLK,MEDFIELD,WALPOLE,FOXBOROUGH,WRENTHAM,FRANKLIN,MEDWAY,MILLIS,,,
NORTH ADAMS,WILLIAMSTOWN,CLARKSBURG,FLORIDA,ADAMS,,,,,,
NORTH ANDOVER,HAVERHILL,BOXFORD,MIDDLETON,NORTH READING,ANDOVER,LAWRENCE,METHUEN,,,
NORTH ATTLEBOROUGH,PLAINVILLE,MANSFIELD,ATTLEBORO,,,,,,,
NORTH BROOKFIELD,BROOKFIELD,WEST BROOKFIELD,NEW BRAINTREE,SPENCER,,EAST BROOKFIELD,,,,
NORTH READING,ANDOVER,NORTH ANDOVER,MIDDLETON,LYNNFIELD,READING,WILMINGTON,,,,
NORTHAMPTON,WESTHAMPTON,WILLIAMSBURG,HATFIELD,HADLEY,,EASTHAMPTON,,,,
NORTHBOROUGH,WESTBOROUGH,SHREWSBURY,BOYLSTON,BERLIN,SOUTHBOROUGH,MARLBOROUGH,,,,
NORTHBRIDGE,SUTTON,GRAFTON,UPTON,MENDON,,UXBRIDGE,,,,
NORTHFIELD,BERNARDSTON,GILL,ERVING,WARWICK,,,,,,
NORTON,MANSFIELD,EASTON,TAUNTON,REHOBOTH,ATTLEBORO,,,,,
NORWELL,HINGHAM,SCITUATE,MARSHFIELD,PEMBROKE,HANOVER,ROCKLAND,,,,
NORWOOD,WESTWOOD,CANTON,SHARON,WALPOLE,,,,,,
OAK BLUFFS,TISBURY,EDGARTOWN,,,,,,,,
OAKHAM,NEW BRAINTREE,BARRE,RUTLAND,PAXTON,,SPENCER,,,,
ORANGE,WENDELL,ERVING,WARWICK,ROYALSTON,NEW SALEM,ATHOL,,,,
ORLEANS,BREWSTER,EASTHAM,,,,,,,,
OTIS,SANDISFIELD,MONTEREY,TYRINGHAM,BECKET,TOLLAND,BLANDFORD,,,,
OXFORD,DUDLEY,CHARLTON,LEICESTER,AUBURN,SUTTON,MILLBURY,DOUGLAS,WEBSTER,,
PALMER,WILBRAHAM,LUDLOW,BELCHERTOWN,WARE,BRIMFIELD,WARREN,MONSON,,,
PAXTON,SPENCER,OAKHAM,RUTLAND,HOLDEN,LEICESTER,WORCESTER,,,,
PEABODY,DANVERS,SALEM,LYNN,LYNNFIELD,MIDDLETON,,,,,
PELHAM,AMHERST,SHUTESBURY,NEW SALEM,BELCHERTOWN,,,,,,
PEMBROKE,NORWELL,MARSHFIELD,DUXBURY,KINGSTON,PLYMPTON,HALIFAX,HANSON,HANOVER,,
PEPPERELL,TOWNSEND,GROTON,DUNSTABLE,,,,,,,
PERU,HINSDALE,WINDSOR,CUMMINGTON,WORTHINGTON,WASHINGTON,MIDDLEFIELD,,,,
PETERSHAM,NEW SALEM,ATHOL,PHILLIPSTON,BARRE,WARE,HARDWICK,,,,
PHILLIPSTON,PETERSHAM,ATHOL,ROYALSTON,TEMPLETON,BARRE,HUBBARDSTON,,,,
PITTSFIELD,HANCOCK,LANESBOROUGH,DALTON,WASHINGTON,RICHMOND,LENOX,,,,
PLAINFIELD,WINDSOR,SAVOY,HAWLEY,ASHFIELD,,CUMMINGTON,,,,
PLAINVILLE,WRENTHAM,FOXBOROUGH,NORTH ATTLEBOROUGH,,,,,,,
PLYMOUTH,KINGSTON,CARVER,WAREHAM,BOURNE,,,,,,
PLYMPTON,PEMBROKE,KINGSTON,CARVER,MIDDLEBOROUGH,HALIFAX,,,,,
PRINCETON,RUTLAND,HUBBARDSTON,WESTMINSTER,LEOMINSTER,HOLDEN,STERLING,,,,
PROVINCETOWN,TRURO,,,,,,,,,
QUINCY,MILTON,BRAINTREE,RANDOLPH,,,,,,,
RANDOLPH,QUINCY,BRAINTREE,HOLBROOK,AVON,STOUGHTON,CANTON,MILTON,,,
RAYNHAM,EASTON,WEST BRIDGEWATER,BRIDGEWATER,MIDDLEBOROUGH,TAUNTON,,,,,
READING,NORTH READING,LYNNFIELD,WAKEFIELD,STONEHAM,WOBURN,WILMINGTON,,,,
REHOBOTH,NORTON,TAUNTON,DIGHTON,SWANSEA,SEEKONK,ATTLEBORO,,,,
REVERE,WINTHROP,CHELSEA,EVERETT,MALDEN,SAUGUS,BOSTON,,,,
RICHMOND,HANCOCK,PITTSFIELD,LENOX,STOCKBRIDGE,WEST STOCKBRIDGE,,,,,
ROCHESTER,MIDDLEBOROUGH,WAREHAM,MARION,MATTAPOISETT,ACUSHNET,FREETOWN,LAKEVILLE,,,
ROCKLAND,WEYMOUTH,HINGHAM,NORWELL,HANOVER,HANSON,WHITMAN,ABINGTON,,,
ROCKPORT,GLOUCESTER,,,,,,,,,
ROWE,FLORIDA,MONROE,HEATH,CHARLEMONT,,,,,,
ROWLEY,NEWBURY,IPSWICH,BOXFORD,GEORGETOWN,,,,,,
ROYALSTON,WARWICK,ORANGE,ATHOL,PHILLIPSTON,WINCHENDON,TEMPLETON,,,,
RUSSELL,BLANDFORD,HUNTINGTON,MONTGOMERY,WESTFIELD,,GRANVILLE,,,,
RUTLAND,PAXTON,OAKHAM,BARRE,HUBBARDSTON,HOLDEN,PRINCETON,,,,
SALEM,PEABODY,DANVERS,MARBLEHEAD,SWAMPSCOTT,LYNN,,,,,
SALISBURY,AMESBURY,NEWBURYPORT,,,,,,,,
SANDISFIELD,NEW MARLBOROUGH,MONTEREY,OTIS,TOLLAND,,,,,,
SANDWICH,BOURNE,FALMOUTH,MASHPEE,BARNSTABLE,,,,,,
SAUGUS,LYNNFIELD,LYNN,REVERE,MELROSE,WAKEFIELD,,,,,
SAVOY,CHESHIRE,ADAMS,FLORIDA,CHARLEMONT,PLAINFIELD,HAWLEY,WINDSOR,,,
SCITUATE,COHASSET,HINGHAM,NORWELL,MARSHFIELD,,,,,,
SEEKONK,ATTLEBORO,REHOBOTH,SWANSEA,,,,,,,
SHARON,CANTON,STOUGHTON,EASTON,MANSFIELD,FOXBOROUGH,WALPOLE,NORWOOD,,,
SHEFFIELD,MOUNT WASHINGTON,NEW MARLBOROUGH,MONTEREY,GREAT BARRINGTON,,EGREMONT,,,,
SHELBURNE,BUCKLAND,CHARLEMONT,COLRAIN,GREENFIELD,CONWAY,DEERFIELD,,,,
SHERBORN,NATICK,DOVER,MEDFIELD,MILLIS,HOLLISTON,ASHLAND,FRAMINGHAM,,,
SHIRLEY,LANCASTER,LUNENBURG,TOWNSEND,GROTON,HARVARD,AYER,,,,
SHREWSBURY,WORCESTER,WEST BOYLSTON,BOYLSTON,NORTHBOROUGH,GRAFTON,WESTBOROUGH,,,,
SHUTESBURY,AMHERST,LEVERETT,WENDELL,NEW SALEM,,PELHAM,,,,
SOMERSET,SWANSEA,DIGHTON,BERKLEY,FREETOWN,FALL RIVER,,,,,
SOMERVILLE,MEDFORD,EVERETT,CAMBRIDGE,ARLINGTON,BOSTON,,,,,
SOUTH HADLEY,HOLYOKE,HADLEY,AMHERST,GRANBY,,CHICOPEE,,,,
SOUTHAMPTON,MONTGOMERY,HUNTINGTON,WESTHAMPTON,EASTHAMPTON,WESTFIELD,HOLYOKE,,,,
SOUTHBOROUGH,MARLBOROUGH,FRAMINGHAM,ASHLAND,HOPKINTON,WESTBOROUGH,NORTHBOROUGH,,,,
SOUTHBRIDGE,STURBRIDGE,CHARLTON,DUDLEY,,,,,,,
SOUTHWICK,GRANVILLE,WESTFIELD,AGAWAM,,,,,,,
SPENCER,EAST BROOKFIELD,NORTH BROOKFIELD,OAKHAM,PAXTON,CHARLTON,LEICESTER,,,,
SPRINGFIELD,AGAWAM,WEST SPRINGFIELD,CHICOPEE,LUDLOW,EAST LONGMEADOW,WILBRAHAM,LONGMEADOW,,,
STERLING,BOYLSTON,WEST BOYLSTON,HOLDEN,PRINCETON,LANCASTER,LEOMINSTER,CLINTON,,,
STOCKBRIDGE,WEST STOCKBRIDGE,RICHMOND,LENOX,LEE,,GREAT BARRINGTON,,,,
STONEHAM,READING,WAKEFIELD,MELROSE,MALDEN,MEDFORD,WINCHESTER,WOBURN,,,
STOUGHTON,CANTON,RANDOLPH,AVON,BROCKTON,EASTON,SHARON,,,,
STOW,HUDSON,BOLTON,HARVARD,BOXBOROUGH,MAYNARD,ACTON,SUDBURY,,,
STURBRIDGE,HOLLAND,BRIMFIELD,BROOKFIELD,EAST BROOKFIELD,SOUTHBRIDGE,CHARLTON,,,,
SUDBURY,CONCORD,WAYLAND,FRAMINGHAM,MARLBOROUGH,HUDSON,STOW,MAYNARD,,,
SUNDERLAND,WHATELY,DEERFIELD,MONTAGUE,LEVERETT,HADLEY,AMHERST,,,,
SUTTON,DOUGLAS,OXFORD,MILLBURY,GRAFTON,UXBRIDGE,NORTHBRIDGE,,,,
SWAMPSCOTT,LYNN,SALEM,MARBLEHEAD,,,,,,,
SWANSEA,SEEKONK,REHOBOTH,DIGHTON,SOMERSET,,,,,,
TAUNTON,EASTON,RAYNHAM,MIDDLEBOROUGH,LAKEVILLE,BERKLEY,DIGHTON,REHOBOTH,NORTON,,
TEMPLETON,PHILLIPSTON,WINCHENDON,ROYALSTON,GARDNER,,HUBBARDSTON,,,,
TEWKSBURY,ANDOVER,WILMINGTON,BILLERICA,LOWELL,DRACUT,,,,,
TISBURY,OAK BLUFFS,WEST TISBURY,,,,,,,,
TOLLAND,SANDISFIELD,OTIS,BLANDFORD,GRANVILLE,,,,,,
TOPSFIELD,IPSWICH,BOXFORD,MIDDLETON,DANVERS,WENHAM,HAMILTON,,,,
TOWNSEND,ASHBY,LUNENBURG,SHIRLEY,PEPPERELL,GROTON,,,,,
TRURO,PROVINCETOWN,WELLFLEET,,,,,,,,
TYNGSBOROUGH,DUNSTABLE,GROTON,WESTFORD,CHELMSFORD,DRACUT,LOWELL,,,,
TYRINGHAM,GREAT BARRINGTON,LEE,BECKET,OTIS,,MONTEREY,,,,
UPTON,NORTHBRIDGE,GRAFTON,WESTBOROUGH,HOPKINTON,HOPEDALE,MILFORD,MENDON,,,
UXBRIDGE,DOUGLAS,SUTTON,NORTHBRIDGE,MENDON,,MILLVILLE,,,,
WAKEFIELD,LYNNFIELD,SAUGUS,MELROSE,STONEHAM,READING,,,,,
WALES,MONSON,BRIMFIELD,HOLLAND,,,,,,,
WALPOLE,DOVER,WESTWOOD,NORWOOD,SHARON,FOXBOROUGH,NORFOLK,MEDFIELD,,,
WALTHAM,LEXINGTON,BELMONT,WATERTOWN,NEWTON,WESTON,LINCOLN,,,,
WARE,BELCHERTOWN,NEW SALEM,PETERSHAM,HARDWICK,WEST BROOKFIELD,NEW BRAINTREE,WARREN,PALMER,,
WAREHAM,MARION,ROCHESTER,MIDDLEBOROUGH,CARVER,PLYMOUTH,BOURNE,,,,
WARREN,PALMER,WARE,WEST BROOKFIELD,BROOKFIELD,,BRIMFIELD,,,,
WARWICK,NORTHFIELD,ERVING,ORANGE,ROYALSTON,,,,,,
WASHINGTON,LENOX,PITTSFIELD,DALTON,HINSDALE,MIDDLEFIELD,PERU,BECKET,LEE,,
WATERTOWN,BELMONT,CAMBRIDGE,BOSTON,NEWTON,WALTHAM,,,,,
WAYLAND,LINCOLN,WESTON,NATICK,FRAMINGHAM,SUDBURY,,,,,
WEBSTER,DUDLEY,OXFORD,DOUGLAS,,,,,,,
WELLESLEY,WESTON,NEWTON,NEEDHAM,DOVER,NATICK,,,,,
WELLFLEET,TRURO,EASTHAM,,,,,,,,
WENDELL,LEVERETT,MONTAGUE,ERVING,ORANGE,SHUTESBURY,NEW SALEM,,,,
WENHAM,HAMILTON,TOPSFIELD,DANVERS,BEVERLY,MANCHESTER-BY-THE-SEA,,,,,
WEST BOYLSTON,WORCESTER,HOLDEN,STERLING,BOYLSTON,SHREWSBURY,,,,,
WEST BRIDGEWATER,BROCKTON,EAST BRIDGEWATER,BRIDGEWATER,RAYNHAM,EASTON,,,,,
WEST BROOKFIELD,WARREN,WARE,NEW BRAINTREE,NORTH BROOKFIELD,,BROOKFIELD,,,,
WEST NEWBURY,NEWBURY,NEWBURYPORT,AMESBURY,MERRIMAC,GROVELAND,HAVERHILL,,,,
WEST SPRINGFIELD,WESTFIELD,HOLYOKE,CHICOPEE,SPRINGFIELD,,AGAWAM,,,,
WEST STOCKBRIDGE,RICHMOND,STOCKBRIDGE,GREAT BARRINGTON,ALFORD,,,,,,
WEST TISBURY,TISBURY,EDGARTOWN,CHILMARK,,,,,,,
WESTBOROUGH,UPTON,GRAFTON,SHREWSBURY,NORTHBOROUGH,HOPKINTON,SOUTHBOROUGH,,,,
WESTFIELD,GRANVILLE,RUSSELL,MONTGOMERY,SOUTHAMPTON,WEST SPRINGFIELD,HOLYOKE,AGAWAM,SOUTHWICK,,
WESTFORD,LITTLETON,GROTON,TYNGSBOROUGH,CHELMSFORD,ACTON,CARLISLE,,,,
WESTHAMPTON,HUNTINGTON,CHESTERFIELD,WILLIAMSBURG,NORTHAMPTON,SOUTHAMPTON,EASTHAMPTON,,,,
WESTMINSTER,HUBBARDSTON,GARDNER,ASHBURNHAM,FITCHBURG,PRINCETON,LEOMINSTER,,,,
WESTON,LINCOLN,WALTHAM,NEWTON,WELLESLEY,WAYLAND,NATICK,,,,
WESTPORT,FALL RIVER,DARTMOUTH,,,,,,,,
WESTWOOD,DEDHAM,CANTON,NORWOOD,WALPOLE,DOVER,,,,,
WEYMOUTH,HINGHAM,ROCKLAND,ABINGTON,HOLBROOK,BRAINTREE,,,,,
WHATELY,WILLIAMSBURG,CONWAY,DEERFIELD,SUNDERLAND,,HATFIELD,,,,
WHITMAN,ABINGTON,ROCKLAND,HANSON,EAST BRIDGEWATER,BROCKTON,,,,,
WILBRAHAM,EAST LONGMEADOW,SPRINGFIELD,LUDLOW,PALMER,HAMPDEN,MONSON,,,,
WILLIAMSBURG,CHESTERFIELD,GOSHEN,CONWAY,WHATELY,NORTHAMPTON,HATFIELD,WESTHAMPTON,,,
WILLIAMSTOWN,CLARKSBURG,NORTH ADAMS,ADAMS,NEW ASHFORD,,HANCOCK,,,,
WILMINGTON,ANDOVER,NORTH READING,READING,WOBURN,BURLINGTON,BILLERICA,TEWKSBURY,,,
WINCHENDON,TEMPLETON,ROYALSTON,ASHBURNHAM,GARDNER,,,,,,
WINCHESTER,WOBURN,STONEHAM,MEDFORD,ARLINGTON,LEXINGTON,,,,,
WINDSOR,CHESHIRE,SAVOY,PLAINFIELD,CUMMINGTON,HINSDALE,PERU,DALTON,,,
WINTHROP,BOSTON,REVERE,,,,,,,,
WOBURN,READING,STONEHAM,WINCHESTER,LEXINGTON,WILMINGTON,BURLINGTON,,,,
WORCESTER,AUBURN,LEICESTER,PAXTON,HOLDEN,SHREWSBURY,WEST BOYLSTON,GRAFTON,MILLBURY,,
WORTHINGTON,MIDDLEFIELD,PERU,CUMMINGTON,CHESTERFIELD,CHESTER,HUNTINGTON,,,,
WRENTHAM,BELLINGHAM,FRANKLIN,NORFOLK,FOXBOROUGH,PLAINVILLE,,,,,
YARMOUTH,DENNIS,BARNSTABLE,,,,,,,,
